speciesCode,comName,sciName,locId,locName,obsDt,howMany,lat,lng,obsValid,obsReviewed,locationPrivate,subId,exoticCategory,date_requested
eurrob1,European Robin,Erithacus rubecula,L36410194,Longford River,2024-09-07 19:12,5,51.4567542,-0.4389452,TRUE,FALSE,TRUE,S194302238,NA,2024-09-07
eurrob1,European Robin,Erithacus rubecula,L15285888,Courtyard by Marriott London Heathrow,2024-03-31 20:38,1,51.4812309,-0.4325639,TRUE,FALSE,FALSE,S166695664,NA,2024-03-31
eurrob1,European Robin,Erithacus rubecula,L32255580,"113 Argyle Avenue, England, GB (51.458, -0.368)",2024-05-24 20:03,1,51.4577807,-0.3678815,TRUE,FALSE,TRUE,S176799222,NA,2024-05-24
eurrob1,European Robin,Erithacus rubecula,L32593174,"134 High Street, England, GB (51.418, -0.358)",2024-05-30 21:35,NA,51.4184836,-0.3576559,TRUE,FALSE,TRUE,S178256742,NA,2024-05-30
eurrob1,European Robin,Erithacus rubecula,L28648809,Grand Union Canal - Three Bridges,2024-01-05 16:00,6,51.5044431,-0.35545,TRUE,FALSE,TRUE,S158146710,NA,2024-01-05
eurrob1,European Robin,Erithacus rubecula,L12105853,Grand Union Canal--Hanwell Locks,2024-02-25 17:05,2,51.5055127,-0.3503884,TRUE,FALSE,FALSE,S162886554,NA,2024-02-25
eurrob1,European Robin,Erithacus rubecula,L8051135,Brent Lodge Park,2024-07-27 20:03,1,51.5127422,-0.3495991,TRUE,FALSE,FALSE,S189130107,NA,2024-07-27
eurrob1,European Robin,Erithacus rubecula,L26028275,"Greater London, England, GB",2024-03-25 18:43,1,51.4896781,-0.3489148,TRUE,FALSE,TRUE,S165963032,NA,2024-03-25
eurrob1,European Robin,Erithacus rubecula,L3020442,Osterley Park and House,2024-04-22 19:49,21,51.4900949,-0.3486657,TRUE,FALSE,FALSE,S169838767,NA,2024-04-22
eurrob1,European Robin,Erithacus rubecula,L10476140,Warren Farm NR,2024-01-03 16:13,5,51.5015102,-0.3476589,TRUE,FALSE,FALSE,S157946889,NA,2024-01-03
eurrob1,European Robin,Erithacus rubecula,L10476140,Warren Farm NR,2024-12-26 16:04,11,51.5015102,-0.3476589,TRUE,FALSE,FALSE,S206636427,NA,2024-12-26
eurrob1,European Robin,Erithacus rubecula,L12105851,Grand Union Canal--Brent Junction,2024-12-20 20:11,1,51.5031312,-0.342919,TRUE,FALSE,FALSE,S206018075,NA,2024-12-20
eurrob1,European Robin,Erithacus rubecula,L20612546,Warren Farm,2024-01-30 22:20,2,51.496252,-0.340001,TRUE,FALSE,TRUE,S160889373,NA,2024-01-30
eurrob1,European Robin,Erithacus rubecula,L23211633,Long Wood LNR,2024-11-16 16:59,2,51.4962605,-0.3394039,TRUE,FALSE,FALSE,S202674166,NA,2024-11-16
eurrob1,European Robin,Erithacus rubecula,L12106264,Harrow School,2024-10-04 22:30,NA,51.5722826,-0.3360756,TRUE,FALSE,FALSE,S197710078,NA,2024-10-04
eurrob1,European Robin,Erithacus rubecula,L2038511,Bushy Park,2024-04-01 19:45,5,51.4165522,-0.3343964,TRUE,FALSE,FALSE,S166969567,NA,2024-04-01
eurrob1,European Robin,Erithacus rubecula,L38051040,Seward Road Nature Reserve,2024-11-15 21:15,1,51.504593,-0.326523,TRUE,FALSE,TRUE,S202590419,NA,2024-11-15
eurrob1,European Robin,Erithacus rubecula,L3592395,Ham Lands LNR,2024-05-16 20:14,NA,51.439315,-0.3260922,TRUE,FALSE,FALSE,S177689265,NA,2024-05-16
eurrob1,European Robin,Erithacus rubecula,L3935024,Eel Pie Island,2024-07-15 17:33,2,51.4454936,-0.3244078,TRUE,FALSE,FALSE,S187143054,NA,2024-07-15
eurrob1,European Robin,Erithacus rubecula,L12106931,Boston Manor Park,2024-03-23 17:59,5,51.4884004,-0.3189636,TRUE,FALSE,FALSE,S165719346,NA,2024-03-23
eurrob1,European Robin,Erithacus rubecula,L8352725,River Thames at Isleworth,2024-03-27 18:00,NA,51.471265,-0.318934,TRUE,FALSE,FALSE,S166169645,NA,2024-03-27
eurrob1,European Robin,Erithacus rubecula,L12106626,Pitshanger Park,2024-02-15 17:28,NA,51.5291628,-0.3138768,TRUE,FALSE,FALSE,S161573041,NA,2024-02-15
eurrob1,European Robin,Erithacus rubecula,L15698811,"South Lodge, Lammas Park Gardens, London GB-England 51.50703, -0.31043",2024-04-25 19:35,1,51.507034,-0.310426,TRUE,FALSE,TRUE,S185912434,NA,2024-04-25
eurrob1,European Robin,Erithacus rubecula,L12913750,Walpole Park (Ealing),2024-02-02 17:02,2,51.509297,-0.309827,TRUE,FALSE,FALSE,S160423835,NA,2024-02-02
eurrob1,European Robin,Erithacus rubecula,L12913750,Walpole Park (Ealing),2024-02-06 16:59,2,51.509297,-0.309827,TRUE,FALSE,FALSE,S160794226,NA,2024-02-06
eurrob1,European Robin,Erithacus rubecula,L12913750,Walpole Park (Ealing),2024-03-13 18:01,NA,51.509297,-0.309827,TRUE,FALSE,FALSE,S164707219,NA,2024-03-13
eurrob1,European Robin,Erithacus rubecula,L12913750,Walpole Park (Ealing),2024-06-03 20:18,2,51.509297,-0.309827,TRUE,FALSE,FALSE,S179220622,NA,2024-06-03
eurrob1,European Robin,Erithacus rubecula,L12106153,Ham Common Richmond LNR,2024-07-11 17:40,3,51.4323174,-0.2965635,TRUE,FALSE,FALSE,S186499233,NA,2024-07-11
eurrob1,European Robin,Erithacus rubecula,L956644,Kew Royal Botanic Gardens,2024-06-19 18:20,1,51.4787636,-0.2956009,TRUE,FALSE,FALSE,S182492530,NA,2024-06-19
eurrob1,European Robin,Erithacus rubecula,L956644,Kew Royal Botanic Gardens,2024-07-26 16:00,2,51.4787636,-0.2956009,TRUE,FALSE,FALSE,S188967882,NA,2024-07-26
eurrob1,European Robin,Erithacus rubecula,L12105505,Ealing Common,2024-01-04 18:31,NA,51.5105693,-0.2945048,TRUE,FALSE,FALSE,S158075928,NA,2024-01-04
eurrob1,European Robin,Erithacus rubecula,L2308825,Horton Country Park LNR,2024-12-19 14:10,4,51.347592,-0.2939487,TRUE,FALSE,FALSE,S205921944,NA,2024-12-19
eurrob1,European Robin,Erithacus rubecula,L29165623,"58 Lower Marsh Lane, Kingston Upon Thames GB-England 51.39991, -0.28453",2024-02-09 16:25,3,51.399911,-0.28453,TRUE,FALSE,TRUE,S161018380,NA,2024-02-09
eurrob1,European Robin,Erithacus rubecula,L29165623,"58 Lower Marsh Lane, Kingston Upon Thames GB-England 51.39991, -0.28453",2024-03-18 17:12,1,51.399911,-0.28453,TRUE,FALSE,TRUE,S165308991,NA,2024-03-18
eurrob1,European Robin,Erithacus rubecula,L12105899,Kew (LBC District),2024-09-26 18:00,1,51.4761933,-0.2834077,TRUE,FALSE,FALSE,S196547972,NA,2024-09-26
eurrob1,European Robin,Erithacus rubecula,L10453790,Richmond Park--Pen Ponds,2024-06-08 18:16,NA,51.4428698,-0.2740955,TRUE,FALSE,FALSE,S180187773,NA,2024-06-08
eurrob1,European Robin,Erithacus rubecula,L1006681,Richmond Park (London),2024-04-06 18:37,1,51.4471069,-0.2717829,TRUE,FALSE,FALSE,S167404194,NA,2024-04-06
eurrob1,European Robin,Erithacus rubecula,L1006681,Richmond Park (London),2024-06-09 20:50,1,51.4471069,-0.2717829,TRUE,FALSE,FALSE,S180461884,NA,2024-06-09
eurrob1,European Robin,Erithacus rubecula,L8579408,Gunnersbury Triangle LNR,2024-01-22 16:02,4,51.4944162,-0.2711886,TRUE,FALSE,FALSE,S159546111,NA,2024-01-22
eurrob1,European Robin,Erithacus rubecula,L22646165,Home,2024-05-22 18:54,2,51.504914,-0.252484,TRUE,FALSE,TRUE,S176389411,NA,2024-05-22
eurrob1,European Robin,Erithacus rubecula,L20913652,Allotment the real one,2024-02-07 22:04,5,51.510866,-0.251947,TRUE,FALSE,TRUE,S160889647,NA,2024-02-07
eurrob1,European Robin,Erithacus rubecula,L1344841,Brent Reservoir,2024-12-05 15:39,1,51.5705173,-0.2462203,TRUE,FALSE,FALSE,S204525074,NA,2024-12-05
eurrob1,European Robin,Erithacus rubecula,L939896,WWT London Wetland Centre (from 2000),2024-01-16 18:29,NA,51.4774486,-0.235101,TRUE,FALSE,FALSE,S159074763,NA,2024-01-16
eurrob1,European Robin,Erithacus rubecula,L939896,WWT London Wetland Centre (from 2000),2024-01-21 17:21,1,51.4774486,-0.235101,TRUE,FALSE,FALSE,S159463771,NA,2024-01-21
eurrob1,European Robin,Erithacus rubecula,L939896,WWT London Wetland Centre (from 2000),2024-02-23 21:42,3,51.4774486,-0.235101,TRUE,FALSE,FALSE,S162674570,NA,2024-02-23
eurrob1,European Robin,Erithacus rubecula,L939896,WWT London Wetland Centre (from 2000),2024-03-26 18:31,15,51.4774486,-0.235101,TRUE,FALSE,FALSE,S166064220,NA,2024-03-26
eurrob1,European Robin,Erithacus rubecula,L939896,WWT London Wetland Centre (from 2000),2024-07-08 21:30,1,51.4774486,-0.235101,TRUE,FALSE,FALSE,S186088530,NA,2024-07-08
eurrob1,European Robin,Erithacus rubecula,L939896,WWT London Wetland Centre (from 2000),2024-10-02 23:21,3,51.4774486,-0.235101,TRUE,FALSE,FALSE,S197314501,NA,2024-10-02
eurrob1,European Robin,Erithacus rubecula,L939896,WWT London Wetland Centre (from 2000),2024-11-07 22:55,NA,51.4774486,-0.235101,TRUE,FALSE,FALSE,S201716711,NA,2024-11-07
eurrob1,European Robin,Erithacus rubecula,L939896,WWT London Wetland Centre (from 2000),2024-11-29 20:06,1,51.4774486,-0.235101,TRUE,FALSE,FALSE,S203992046,NA,2024-11-29
eurrob1,European Robin,Erithacus rubecula,L4828722,Wimbledon Common,2024-02-08 16:13,NA,51.4358773,-0.2335668,TRUE,FALSE,FALSE,S160941211,NA,2024-02-08
eurrob1,European Robin,Erithacus rubecula,L12105747,Fulham Reach,2024-05-23 23:48,2,51.4854186,-0.2267154,TRUE,FALSE,FALSE,S176628799,NA,2024-05-23
eurrob1,European Robin,Erithacus rubecula,L12106160,Hammersmith (LBC District),2024-12-12 14:07,1,51.4924127,-0.2251701,TRUE,FALSE,FALSE,S205156981,NA,2024-12-12
eurrob1,European Robin,Erithacus rubecula,L10658966,[EDN] Edna Rd,2024-04-18 18:51,1,51.4087836,-0.2231646,TRUE,FALSE,TRUE,S169191186,NA,2024-04-18
eurrob1,European Robin,Erithacus rubecula,L10658966,[EDN] Edna Rd,2024-06-27 19:47,1,51.4087836,-0.2231646,TRUE,FALSE,TRUE,S184058530,NA,2024-06-27
eurrob1,European Robin,Erithacus rubecula,L32501489,Norland Square Garden,2024-05-28 20:02,2,51.506538,-0.209818,TRUE,FALSE,TRUE,S177849248,NA,2024-05-28
eurrob1,European Robin,Erithacus rubecula,L12230276,Morden Park (London),2024-04-11 19:03,NA,51.3940545,-0.2095861,TRUE,FALSE,FALSE,S168164514,NA,2024-04-11
eurrob1,European Robin,Erithacus rubecula,L12230276,Morden Park (London),2024-07-04 20:16,NA,51.3940545,-0.2095861,TRUE,FALSE,FALSE,S185333034,NA,2024-07-04
eurrob1,European Robin,Erithacus rubecula,L12230276,Morden Park (London),2024-11-21 15:05,NA,51.3940545,-0.2095861,TRUE,FALSE,FALSE,S203176453,NA,2024-11-21
eurrob1,European Robin,Erithacus rubecula,L12106494,Meanwhile Gardens,2024-01-01 17:12,5,51.5233882,-0.2041507,TRUE,FALSE,FALSE,S157725556,NA,2024-01-01
eurrob1,European Robin,Erithacus rubecula,L12106494,Meanwhile Gardens,2024-01-14 18:11,6,51.5233882,-0.2041507,TRUE,FALSE,FALSE,S158892832,NA,2024-01-14
eurrob1,European Robin,Erithacus rubecula,L12106494,Meanwhile Gardens,2024-01-26 19:23,1,51.5233882,-0.2041507,TRUE,FALSE,FALSE,S159842707,NA,2024-01-26
eurrob1,European Robin,Erithacus rubecula,L1777790,Holland Park,2024-01-29 17:12,1,51.5023649,-0.2030854,TRUE,FALSE,FALSE,S160121075,NA,2024-01-29
eurrob1,European Robin,Erithacus rubecula,L1777790,Holland Park,2024-02-18 19:43,3,51.5023649,-0.2030854,TRUE,FALSE,FALSE,S162070958,NA,2024-02-18
eurrob1,European Robin,Erithacus rubecula,L38897393,Michleham Down,2024-12-27 14:17,1,51.620876,-0.19681,TRUE,FALSE,TRUE,S206746165,NA,2024-12-27
eurrob1,European Robin,Erithacus rubecula,L12590311,Finchley: Garden/ Finchley Way Open Space,2024-02-29 15:01,4,51.6077227,-0.1936134,TRUE,FALSE,TRUE,S163257834,NA,2024-02-29
eurrob1,European Robin,Erithacus rubecula,L16331924,QC Garden,2024-10-13 17:28,1,51.539857,-0.191228,TRUE,FALSE,TRUE,S198740668,NA,2024-10-13
eurrob1,European Robin,Erithacus rubecula,L6202707,Brompton Cemetery,2024-03-30 18:10,3,51.4853222,-0.1911771,TRUE,FALSE,FALSE,S166521229,NA,2024-03-30
eurrob1,European Robin,Erithacus rubecula,L8044083,Golders Hill Park and West Heath,2024-07-18 18:25,2,51.565497,-0.186498,TRUE,FALSE,FALSE,S187739859,NA,2024-07-18
eurrob1,European Robin,Erithacus rubecula,L14217572,"Hampstead Heath, London GB-England 51.56356, -0.18364",2024-06-22 19:40,3,51.563561,-0.183642,TRUE,FALSE,TRUE,S183330344,NA,2024-06-22
eurrob1,European Robin,Erithacus rubecula,L12107298,Victoria Park (Finchley),2024-05-07 19:39,2,51.6041883,-0.1832637,TRUE,FALSE,FALSE,S172664036,NA,2024-05-07
eurrob1,European Robin,Erithacus rubecula,L34828666,"NW3, London GB-England 51.56388, -0.18180",2024-07-17 19:29,1,51.563882,-0.181799,TRUE,FALSE,TRUE,S187439798,NA,2024-07-17
eurrob1,European Robin,Erithacus rubecula,L12214584,Wandle Park (Colliers Wood),2024-10-28 13:18,NA,51.4188903,-0.1798127,TRUE,FALSE,FALSE,S200588946,NA,2024-10-28
eurrob1,European Robin,Erithacus rubecula,L12105390,Cremorne Gardens,2024-02-26 17:49,1,51.4796222,-0.1785202,TRUE,FALSE,FALSE,S163005766,NA,2024-02-26
eurrob1,European Robin,Erithacus rubecula,L34520782,"Hyde Park, London",2024-07-09 17:46,1,51.507175,-0.1778317,TRUE,FALSE,TRUE,S186209131,NA,2024-07-09
eurrob1,European Robin,Erithacus rubecula,L12107543,Royal Albert Hall,2024-08-01 16:36,1,51.500907,-0.1774662,TRUE,FALSE,FALSE,S190339405,NA,2024-08-01
eurrob1,European Robin,Erithacus rubecula,L29859855,home,2024-04-07 18:11,NA,51.3883476,-0.1767572,TRUE,FALSE,TRUE,S167569300,NA,2024-04-07
eurrob1,European Robin,Erithacus rubecula,L29768672,"122 West Carriage Drive, England, GB (51,508, -0,176)",2024-03-10 17:21,1,51.5078532,-0.1756334,TRUE,FALSE,TRUE,S164331844,NA,2024-03-10
eurrob1,European Robin,Erithacus rubecula,L12106166,Hampstead (LBC District),2024-03-21 17:51,3,51.554642,-0.1728183,TRUE,FALSE,FALSE,S165500993,NA,2024-03-21
eurrob1,European Robin,Erithacus rubecula,L12105326,Collier's Wood (LBC District),2024-05-06 19:47,NA,51.4192483,-0.1722536,TRUE,FALSE,FALSE,S172470669,NA,2024-05-06
eurrob1,European Robin,Erithacus rubecula,L13762220,Waverley Way,2024-01-17 14:43,1,51.3567499,-0.1716785,TRUE,FALSE,TRUE,S159131706,NA,2024-01-17
eurrob1,European Robin,Erithacus rubecula,L12106788,Hyde Park  and  Kensington Gardens,2024-02-11 17:09,4,51.5073169,-0.1706133,TRUE,FALSE,FALSE,S161243498,NA,2024-02-11
eurrob1,European Robin,Erithacus rubecula,L12106788,Hyde Park  and  Kensington Gardens,2024-03-28 17:42,3,51.5073169,-0.1706133,TRUE,FALSE,FALSE,S167230604,NA,2024-03-28
eurrob1,European Robin,Erithacus rubecula,L12106788,Hyde Park  and  Kensington Gardens,2024-04-05 18:16,5,51.5073169,-0.1706133,TRUE,FALSE,FALSE,S167276289,NA,2024-04-05
eurrob1,European Robin,Erithacus rubecula,L12106788,Hyde Park  and  Kensington Gardens,2024-05-01 19:49,4,51.5073169,-0.1706133,TRUE,FALSE,FALSE,S171373813,NA,2024-05-01
eurrob1,European Robin,Erithacus rubecula,L12106788,Hyde Park  and  Kensington Gardens,2024-05-02 18:59,1,51.5073169,-0.1706133,TRUE,FALSE,FALSE,S171536582,NA,2024-05-02
eurrob1,European Robin,Erithacus rubecula,L12106788,Hyde Park  and  Kensington Gardens,2024-06-05 23:29,1,51.5073169,-0.1706133,TRUE,FALSE,FALSE,S179625970,NA,2024-06-05
eurrob1,European Robin,Erithacus rubecula,L12106788,Hyde Park  and  Kensington Gardens,2024-06-12 20:05,13,51.5073169,-0.1706133,TRUE,FALSE,FALSE,S181090853,NA,2024-06-12
eurrob1,European Robin,Erithacus rubecula,L12106788,Hyde Park  and  Kensington Gardens,2024-06-24 20:08,1,51.5073169,-0.1706133,TRUE,FALSE,FALSE,S183583768,NA,2024-06-24
eurrob1,European Robin,Erithacus rubecula,L12106788,Hyde Park  and  Kensington Gardens,2024-07-10 17:05,2,51.5073169,-0.1706133,TRUE,FALSE,FALSE,S186349290,NA,2024-07-10
eurrob1,European Robin,Erithacus rubecula,L12106788,Hyde Park  and  Kensington Gardens,2024-07-12 19:47,1,51.5073169,-0.1706133,TRUE,FALSE,FALSE,S189914832,NA,2024-07-12
eurrob1,European Robin,Erithacus rubecula,L12106788,Hyde Park  and  Kensington Gardens,2024-09-27 18:31,2,51.5073169,-0.1706133,TRUE,FALSE,FALSE,S197034587,NA,2024-09-27
eurrob1,European Robin,Erithacus rubecula,L12106788,Hyde Park  and  Kensington Gardens,2024-12-08 21:04,1,51.5073169,-0.1706133,TRUE,FALSE,FALSE,S204864080,NA,2024-12-08
eurrob1,European Robin,Erithacus rubecula,L12106788,Hyde Park  and  Kensington Gardens,2024-12-23 20:07,2,51.5073169,-0.1706133,TRUE,FALSE,FALSE,S206336112,NA,2024-12-23
eurrob1,European Robin,Erithacus rubecula,L12106788,Hyde Park  and  Kensington Gardens,2024-12-28 16:00,4,51.5073169,-0.1706133,TRUE,FALSE,FALSE,S206953151,NA,2024-12-28
eurrob1,European Robin,Erithacus rubecula,L29586557,"5 St Catherines Close, London",2024-03-01 18:04,1,51.438932,-0.169202,TRUE,FALSE,TRUE,S163357243,NA,2024-03-01
eurrob1,European Robin,Erithacus rubecula,L2082952,Wandsworth Common,2024-01-11 15:45,1,51.4485511,-0.1673698,TRUE,FALSE,FALSE,S158639436,NA,2024-01-11
eurrob1,European Robin,Erithacus rubecula,L12650985,"Kenwood, London GB-England 51.56931, -0.16527",2024-08-23 19:21,2,51.569308,-0.165273,TRUE,FALSE,TRUE,S192491202,NA,2024-08-23
eurrob1,European Robin,Erithacus rubecula,L33550549,way home,2024-10-16 17:41,4,51.6330338,-0.1636454,TRUE,FALSE,TRUE,S199136759,NA,2024-10-16
eurrob1,European Robin,Erithacus rubecula,L3670831,Hampstead Heath,2024-03-20 18:49,NA,51.5618116,-0.1633787,TRUE,FALSE,FALSE,S168021775,NA,2024-03-20
eurrob1,European Robin,Erithacus rubecula,L3670831,Hampstead Heath,2024-06-15 19:47,1,51.5618116,-0.1633787,TRUE,FALSE,FALSE,S181693242,NA,2024-06-15
eurrob1,European Robin,Erithacus rubecula,L3670831,Hampstead Heath,2024-11-27 14:02,11,51.5618116,-0.1633787,TRUE,FALSE,FALSE,S203765729,NA,2024-11-27
eurrob1,European Robin,Erithacus rubecula,L36301699,Hyde Park,2024-09-02 22:31,1,51.5039596,-0.1631936,TRUE,FALSE,TRUE,S193767692,NA,2024-09-02
eurrob1,European Robin,Erithacus rubecula,L30566514,"Hyde Park, London GB-England 51.51138, -0.15981",2024-04-12 19:06,1,51.51138,-0.159813,TRUE,FALSE,TRUE,S168297731,NA,2024-04-12
eurrob1,European Robin,Erithacus rubecula,L1787521,Primrose Hill Park,2024-01-27 16:46,NA,51.5385147,-0.1594191,TRUE,FALSE,FALSE,S159929978,NA,2024-01-27
eurrob1,European Robin,Erithacus rubecula,L28587870,Portman square gardens,2024-01-02 17:41,1,51.514026,-0.156611,TRUE,FALSE,TRUE,S157859172,NA,2024-01-02
eurrob1,European Robin,Erithacus rubecula,L1122086,Regent's Park (please do not list exotic waterfowl),2024-02-13 17:15,3,51.5316,-0.1559,TRUE,FALSE,FALSE,S161410458,NA,2024-02-13
eurrob1,European Robin,Erithacus rubecula,L1122086,Regent's Park (please do not list exotic waterfowl),2024-03-03 17:03,NA,51.5316,-0.1559,TRUE,FALSE,FALSE,S163579357,NA,2024-03-03
eurrob1,European Robin,Erithacus rubecula,L1122086,Regent's Park (please do not list exotic waterfowl),2024-04-08 19:02,8,51.5316,-0.1559,TRUE,FALSE,FALSE,S167757084,NA,2024-04-08
eurrob1,European Robin,Erithacus rubecula,L1122086,Regent's Park (please do not list exotic waterfowl),2024-10-05 21:34,2,51.5316,-0.1559,TRUE,FALSE,FALSE,S197714366,NA,2024-10-05
eurrob1,European Robin,Erithacus rubecula,L1122086,Regent's Park (please do not list exotic waterfowl),2024-10-25 17:14,NA,51.5316,-0.1559,TRUE,FALSE,FALSE,S200209208,NA,2024-10-25
eurrob1,European Robin,Erithacus rubecula,L1800098,Battersea Park,2024-02-20 16:45,3,51.4802877,-0.1552555,TRUE,FALSE,FALSE,S162387232,NA,2024-02-20
eurrob1,European Robin,Erithacus rubecula,L1800098,Battersea Park,2024-06-29 19:01,2,51.4802877,-0.1552555,TRUE,FALSE,FALSE,S184415248,NA,2024-06-29
eurrob1,European Robin,Erithacus rubecula,L33707232,"Clapham Common, London GB-England 51.45838, -0.15399",2024-07-02 17:37,1,51.458378,-0.15399,TRUE,FALSE,TRUE,S184958529,NA,2024-07-02
eurrob1,European Robin,Erithacus rubecula,L10409320,"Huron Road, Tooting",2024-05-21 16:20,1,51.43583,-0.15127,TRUE,FALSE,TRUE,S176171113,NA,2024-05-21
eurrob1,European Robin,Erithacus rubecula,L12106582,Highgate (LBC District),2024-03-02 17:19,5,51.5730654,-0.1484232,TRUE,FALSE,FALSE,S163453850,NA,2024-03-02
eurrob1,European Robin,Erithacus rubecula,L933099,Beddington Farmlands,2024-01-10 19:50,NA,51.3805849,-0.1479596,TRUE,FALSE,FALSE,S158586546,NA,2024-01-10
eurrob1,European Robin,Erithacus rubecula,L933099,Beddington Farmlands,2024-02-16 19:19,NA,51.3805849,-0.1479596,TRUE,FALSE,FALSE,S161872305,NA,2024-02-16
eurrob1,European Robin,Erithacus rubecula,L933099,Beddington Farmlands,2024-03-05 17:13,NA,51.3805849,-0.1479596,TRUE,FALSE,FALSE,S163801184,NA,2024-03-05
eurrob1,European Robin,Erithacus rubecula,L933099,Beddington Farmlands,2024-09-22 21:13,NA,51.3805849,-0.1479596,TRUE,FALSE,FALSE,S196137887,NA,2024-09-22
eurrob1,European Robin,Erithacus rubecula,L933099,Beddington Farmlands,2024-10-22 21:49,NA,51.3805849,-0.1479596,TRUE,FALSE,FALSE,S199911657,NA,2024-10-22
eurrob1,European Robin,Erithacus rubecula,L933099,Beddington Farmlands,2024-10-26 18:02,NA,51.3805849,-0.1479596,TRUE,FALSE,FALSE,S200342554,NA,2024-10-26
eurrob1,European Robin,Erithacus rubecula,L933099,Beddington Farmlands,2024-11-01 18:42,NA,51.3805849,-0.1479596,TRUE,FALSE,FALSE,S201017679,NA,2024-11-01
eurrob1,European Robin,Erithacus rubecula,L933099,Beddington Farmlands,2024-12-06 15:24,NA,51.3805849,-0.1479596,TRUE,FALSE,FALSE,S204609957,NA,2024-12-06
eurrob1,European Robin,Erithacus rubecula,L26455600,"West Streatham, London",2024-07-13 19:32,1,51.4184647,-0.1454733,TRUE,FALSE,TRUE,S186826121,NA,2024-07-13
eurrob1,European Robin,Erithacus rubecula,L2575016,Tooting Common,2024-07-16 18:05,3,51.4334106,-0.1450324,TRUE,FALSE,FALSE,S187286552,NA,2024-07-16
eurrob1,European Robin,Erithacus rubecula,L2575016,Tooting Common,2024-08-16 18:20,5,51.4334106,-0.1450324,TRUE,FALSE,FALSE,S191679561,NA,2024-08-16
eurrob1,European Robin,Erithacus rubecula,L2575016,Tooting Common,2024-08-19 18:20,2,51.4334106,-0.1450324,TRUE,FALSE,FALSE,S192075247,NA,2024-08-19
eurrob1,European Robin,Erithacus rubecula,L2575016,Tooting Common,2024-11-05 23:01,3,51.4334106,-0.1450324,TRUE,FALSE,FALSE,S201526586,NA,2024-11-05
eurrob1,European Robin,Erithacus rubecula,L2575016,Tooting Common,2024-11-14 18:50,1,51.4334106,-0.1450324,TRUE,FALSE,FALSE,S202480708,NA,2024-11-14
eurrob1,European Robin,Erithacus rubecula,L2575016,Tooting Common,2024-11-24 13:16,1,51.4334106,-0.1450324,TRUE,FALSE,FALSE,S203458118,NA,2024-11-24
eurrob1,European Robin,Erithacus rubecula,L12487630,Garden,2024-01-19 16:07,1,51.3525259,-0.144565,TRUE,FALSE,TRUE,S159278828,NA,2024-01-19
eurrob1,European Robin,Erithacus rubecula,L12487630,Garden,2024-10-01 15:55,1,51.3525259,-0.144565,TRUE,FALSE,TRUE,S197148918,NA,2024-10-01
eurrob1,European Robin,Erithacus rubecula,L12105077,Ash Wood,2024-05-13 20:45,2,51.6692328,-0.1445038,TRUE,FALSE,FALSE,S174335268,NA,2024-05-13
eurrob1,European Robin,Erithacus rubecula,L9185694,"Jessops Way, England, GB (51.388, -0.143)",2024-07-06 17:10,1,51.3884241,-0.1430717,TRUE,FALSE,TRUE,S185655863,NA,2024-07-06
eurrob1,European Robin,Erithacus rubecula,L2370965,Queen's Wood LNR,2024-12-13 20:10,NA,51.5816966,-0.1422215,TRUE,FALSE,FALSE,S205270083,NA,2024-12-13
eurrob1,European Robin,Erithacus rubecula,L4210937,Muswell Hill--garden,2024-01-23 15:30,1,51.595709,-0.1394567,TRUE,FALSE,TRUE,S159622032,NA,2024-01-23
eurrob1,European Robin,Erithacus rubecula,L39032625,"Alexandra Park, London GB-England (51.5923,-0.1375)",2024-12-31 16:24,1,51.592308,-0.137534,TRUE,FALSE,TRUE,S207332905,NA,2024-12-31
eurrob1,European Robin,Erithacus rubecula,L27879551,Shepherd's Hill Garden,2024-03-15 18:15,1,51.579375,-0.13433,TRUE,FALSE,TRUE,S164923745,NA,2024-03-15
eurrob1,European Robin,Erithacus rubecula,L945563,"St James's Park (do not list Barnacle Goose, Shelduck and other captive birds)",2024-01-06 16:15,NA,51.5031329,-0.1338959,TRUE,FALSE,FALSE,S158253119,NA,2024-01-06
eurrob1,European Robin,Erithacus rubecula,L945563,"St James's Park (do not list Barnacle Goose, Shelduck and other captive birds)",2024-01-13 16:05,NA,51.5031329,-0.1338959,TRUE,FALSE,FALSE,S158785219,NA,2024-01-13
eurrob1,European Robin,Erithacus rubecula,L945563,"St James's Park (do not list Barnacle Goose, Shelduck and other captive birds)",2024-01-20 16:15,NA,51.5031329,-0.1338959,TRUE,FALSE,FALSE,S159359698,NA,2024-01-20
eurrob1,European Robin,Erithacus rubecula,L945563,"St James's Park (do not list Barnacle Goose, Shelduck and other captive birds)",2024-01-25 15:35,1,51.5031329,-0.1338959,TRUE,FALSE,FALSE,S159757691,NA,2024-01-25
eurrob1,European Robin,Erithacus rubecula,L945563,"St James's Park (do not list Barnacle Goose, Shelduck and other captive birds)",2024-02-03 16:12,NA,51.5031329,-0.1338959,TRUE,FALSE,FALSE,S160508872,NA,2024-02-03
eurrob1,European Robin,Erithacus rubecula,L945563,"St James's Park (do not list Barnacle Goose, Shelduck and other captive birds)",2024-04-04 21:47,15,51.5031329,-0.1338959,TRUE,FALSE,FALSE,S167180039,NA,2024-04-04
eurrob1,European Robin,Erithacus rubecula,L945563,"St James's Park (do not list Barnacle Goose, Shelduck and other captive birds)",2024-05-04 18:27,2,51.5031329,-0.1338959,TRUE,FALSE,FALSE,S172024834,NA,2024-05-04
eurrob1,European Robin,Erithacus rubecula,L945563,"St James's Park (do not list Barnacle Goose, Shelduck and other captive birds)",2024-06-04 18:25,1,51.5031329,-0.1338959,TRUE,FALSE,FALSE,S179464864,NA,2024-06-04
eurrob1,European Robin,Erithacus rubecula,L945563,"St James's Park (do not list Barnacle Goose, Shelduck and other captive birds)",2024-06-11 18:29,1,51.5031329,-0.1338959,TRUE,FALSE,FALSE,S180826459,NA,2024-06-11
eurrob1,European Robin,Erithacus rubecula,L945563,"St James's Park (do not list Barnacle Goose, Shelduck and other captive birds)",2024-06-25 19:51,1,51.5031329,-0.1338959,TRUE,FALSE,FALSE,S183730181,NA,2024-06-25
eurrob1,European Robin,Erithacus rubecula,L945563,"St James's Park (do not list Barnacle Goose, Shelduck and other captive birds)",2024-07-01 21:59,NA,51.5031329,-0.1338959,TRUE,FALSE,FALSE,S184818637,NA,2024-07-01
eurrob1,European Robin,Erithacus rubecula,L945563,"St James's Park (do not list Barnacle Goose, Shelduck and other captive birds)",2024-12-09 15:43,6,51.5031329,-0.1338959,TRUE,FALSE,FALSE,S204960494,NA,2024-12-09
eurrob1,European Robin,Erithacus rubecula,L22428281,US Embassy Garden and Nine Elms Garden,2024-03-11 19:05,1,51.4825655,-0.1322436,TRUE,FALSE,FALSE,S164451370,NA,2024-03-11
eurrob1,European Robin,Erithacus rubecula,L29984377,"116 Pall Mall, London GB-England 51.50691, -0.13193",2024-03-16 16:44,1,51.50691,-0.131927,TRUE,FALSE,TRUE,S165469000,NA,2024-03-16
eurrob1,European Robin,Erithacus rubecula,L16253800,Gordon Square Gardens,2024-01-15 16:24,2,51.524337,-0.13101,TRUE,FALSE,FALSE,S158996715,NA,2024-01-15
eurrob1,European Robin,Erithacus rubecula,L16253800,Gordon Square Gardens,2024-02-12 16:35,2,51.524337,-0.13101,TRUE,FALSE,FALSE,S161626834,NA,2024-02-12
eurrob1,European Robin,Erithacus rubecula,L16253800,Gordon Square Gardens,2024-02-21 15:20,4,51.524337,-0.13101,TRUE,FALSE,FALSE,S163169951,NA,2024-02-21
eurrob1,European Robin,Erithacus rubecula,L9495720,Tufnell Park--Archibald Road,2024-11-18 15:18,1,51.5559934,-0.1304441,TRUE,FALSE,TRUE,S202910729,NA,2024-11-18
eurrob1,European Robin,Erithacus rubecula,L33533316,"20A Coolhurst Road, London GB-England 51.57764, -0.12997",2024-09-25 17:03,1,51.57764,-0.129966,TRUE,FALSE,TRUE,S196447644,NA,2024-09-25
eurrob1,European Robin,Erithacus rubecula,L33533316,"20A Coolhurst Road, London GB-England 51.57764, -0.12997",2024-10-09 17:46,1,51.57764,-0.129966,TRUE,FALSE,TRUE,S198131888,NA,2024-10-09
eurrob1,European Robin,Erithacus rubecula,L939855,Alexandra Park (London),2024-03-19 17:17,4,51.5933888,-0.1266003,TRUE,FALSE,FALSE,S165515365,NA,2024-03-19
eurrob1,European Robin,Erithacus rubecula,L939855,Alexandra Park (London),2024-06-07 22:11,8,51.5933888,-0.1266003,TRUE,FALSE,FALSE,S180036143,NA,2024-06-07
eurrob1,European Robin,Erithacus rubecula,L939855,Alexandra Park (London),2024-07-03 20:45,1,51.5933888,-0.1266003,TRUE,FALSE,FALSE,S185154990,NA,2024-07-03
eurrob1,European Robin,Erithacus rubecula,L3882276,Russell Square,2024-02-14 16:30,1,51.5215774,-0.1258814,TRUE,FALSE,FALSE,S161489805,NA,2024-02-14
eurrob1,European Robin,Erithacus rubecula,L10998709,Parkland Walk LNR,2024-05-08 19:50,2,51.5743,-0.124439,TRUE,FALSE,FALSE,S172856096,NA,2024-05-08
eurrob1,European Robin,Erithacus rubecula,L12107080,Caledonian Park,2024-01-12 15:48,6,51.5466153,-0.1232958,TRUE,FALSE,FALSE,S158704721,NA,2024-01-12
eurrob1,European Robin,Erithacus rubecula,L12107080,Caledonian Park,2024-02-01 16:21,4,51.5466153,-0.1232958,TRUE,FALSE,FALSE,S160347487,NA,2024-02-01
eurrob1,European Robin,Erithacus rubecula,L12107080,Caledonian Park,2024-02-05 16:08,2,51.5466153,-0.1232958,TRUE,FALSE,FALSE,S160717101,NA,2024-02-05
eurrob1,European Robin,Erithacus rubecula,L12106934,Bounds Green (LBC District),2024-10-07 18:47,1,51.6059293,-0.1225328,TRUE,FALSE,FALSE,S197988772,NA,2024-10-07
eurrob1,European Robin,Erithacus rubecula,L36807672,"2 Hatherley Gardens, London GB-England 51.57808, -0.12211",2024-09-23 18:20,1,51.578075,-0.122108,TRUE,FALSE,TRUE,S196240560,NA,2024-09-23
eurrob1,European Robin,Erithacus rubecula,L7082121,Waddon Ponds,2024-03-12 17:10,NA,51.3701167,-0.120281,TRUE,FALSE,FALSE,S164533394,NA,2024-03-12
eurrob1,European Robin,Erithacus rubecula,L7082121,Waddon Ponds,2024-04-03 18:23,2,51.3701167,-0.120281,TRUE,FALSE,FALSE,S167058477,NA,2024-04-03
eurrob1,European Robin,Erithacus rubecula,L7082121,Waddon Ponds,2024-05-03 18:05,3,51.3701167,-0.120281,TRUE,FALSE,FALSE,S171713146,NA,2024-05-03
eurrob1,European Robin,Erithacus rubecula,L7082121,Waddon Ponds,2024-10-18 17:04,1,51.3701167,-0.120281,TRUE,FALSE,FALSE,S199343534,NA,2024-10-18
eurrob1,European Robin,Erithacus rubecula,L5605095,Lincoln's Inn Fields,2024-05-27 18:05,3,51.516098,-0.117109,TRUE,FALSE,FALSE,S177618669,NA,2024-05-27
eurrob1,European Robin,Erithacus rubecula,L5605095,Lincoln's Inn Fields,2024-08-15 15:45,3,51.516098,-0.117109,TRUE,FALSE,FALSE,S191542599,NA,2024-08-15
eurrob1,European Robin,Erithacus rubecula,L7354730,Archbishop's Park,2024-06-14 18:40,1,51.4971621,-0.116837,TRUE,FALSE,FALSE,S181455487,NA,2024-06-14
eurrob1,European Robin,Erithacus rubecula,L12106608,Hog Hill (Enfield),2024-02-28 16:45,1,51.6606367,-0.1130416,TRUE,FALSE,FALSE,S163204042,NA,2024-02-28
eurrob1,European Robin,Erithacus rubecula,L19474689,"Brockwell Park, London GB-England 51.45095, -0.11142",2024-06-16 19:38,3,51.450954,-0.11142,TRUE,FALSE,TRUE,S181913906,NA,2024-06-16
eurrob1,European Robin,Erithacus rubecula,L15739078,St Andrew's Churchyard,2024-06-26 15:15,1,51.5174402,-0.1069709,TRUE,FALSE,TRUE,S183854367,NA,2024-06-26
eurrob1,European Robin,Erithacus rubecula,L8895020,Brockwell Park,2024-10-08 17:09,2,51.4507442,-0.1065159,TRUE,FALSE,FALSE,S198025766,NA,2024-10-08
eurrob1,European Robin,Erithacus rubecula,L13491258,7a Scarborough road,2024-01-07 17:23,1,51.5712565,-0.1062463,TRUE,FALSE,TRUE,S158637952,NA,2024-01-07
eurrob1,European Robin,Erithacus rubecula,L13491258,7a Scarborough road,2024-01-08 17:24,1,51.5712565,-0.1062463,TRUE,FALSE,TRUE,S158637988,NA,2024-01-08
eurrob1,European Robin,Erithacus rubecula,L13491258,7a Scarborough road,2024-03-04 19:20,2,51.5712565,-0.1062463,TRUE,FALSE,TRUE,S166090486,NA,2024-03-04
eurrob1,European Robin,Erithacus rubecula,L13491258,7a Scarborough road,2024-03-09 19:22,2,51.5712565,-0.1062463,TRUE,FALSE,TRUE,S166090657,NA,2024-03-09
eurrob1,European Robin,Erithacus rubecula,L13491258,7a Scarborough road,2024-09-21 16:55,1,51.5712565,-0.1062463,TRUE,FALSE,TRUE,S199672191,NA,2024-09-21
eurrob1,European Robin,Erithacus rubecula,L31708556,"71C Drayton Park, England, GB (51.554, -0.105)",2024-05-14 20:30,1,51.5542125,-0.1053838,TRUE,FALSE,TRUE,S174528678,NA,2024-05-14
eurrob1,European Robin,Erithacus rubecula,L27873055,St John's Gardens (Farringdon),2024-01-31 15:45,2,51.5210221,-0.104012,TRUE,FALSE,FALSE,S160270655,NA,2024-01-31
eurrob1,European Robin,Erithacus rubecula,L27873055,St John's Gardens (Farringdon),2024-06-23 16:21,3,51.5210221,-0.104012,TRUE,FALSE,FALSE,S183301804,NA,2024-06-23
eurrob1,European Robin,Erithacus rubecula,L27873055,St John's Gardens (Farringdon),2024-11-23 14:49,1,51.5210221,-0.104012,TRUE,FALSE,FALSE,S203347541,NA,2024-11-23
eurrob1,European Robin,Erithacus rubecula,L27873055,St John's Gardens (Farringdon),2024-12-22 15:30,1,51.5210221,-0.104012,TRUE,FALSE,FALSE,S206194481,NA,2024-12-22
eurrob1,European Robin,Erithacus rubecula,L26722592,"Myatt's Fields Park, London GB-England (51.4744,-0.1038)",2024-03-22 18:00,1,51.474401,-0.103833,TRUE,FALSE,TRUE,S165607271,NA,2024-03-22
eurrob1,European Robin,Erithacus rubecula,L6802076,Finsbury Park (The Park only),2024-11-17 14:57,NA,51.5710417,-0.1017952,TRUE,FALSE,FALSE,S202801185,NA,2024-11-17
eurrob1,European Robin,Erithacus rubecula,L6802076,Finsbury Park (The Park only),2024-12-21 15:30,NA,51.5710417,-0.1017952,TRUE,FALSE,FALSE,S206083993,NA,2024-12-21
eurrob1,European Robin,Erithacus rubecula,L6802076,Finsbury Park (The Park only),2024-12-30 15:24,1,51.5710417,-0.1017952,TRUE,FALSE,FALSE,S207196826,NA,2024-12-30
eurrob1,European Robin,Erithacus rubecula,L29375573,Canonbury Square,2024-06-10 19:08,2,51.5436661,-0.1003897,TRUE,FALSE,TRUE,S229217304,NA,2024-06-10
eurrob1,European Robin,Erithacus rubecula,L7511517,Tate Modern,2024-06-13 16:14,1,51.5074007,-0.0996176,TRUE,FALSE,FALSE,S181228372,NA,2024-06-13
eurrob1,European Robin,Erithacus rubecula,L35981797,"1A Chatterton Road, England, GB (51.561, -0.099)",2024-08-22 20:21,1,51.5610884,-0.0994178,TRUE,FALSE,TRUE,S192385861,NA,2024-08-22
eurrob1,European Robin,Erithacus rubecula,L7493822,St Paul's Cathedral,2024-03-08 19:28,1,51.5138176,-0.0985491,TRUE,FALSE,FALSE,S164124078,NA,2024-03-08
eurrob1,European Robin,Erithacus rubecula,L12105833,South London Downs NNR--Kenley Common,2024-06-21 18:35,2,51.3123129,-0.091878,TRUE,FALSE,FALSE,S182924208,NA,2024-06-21
eurrob1,European Robin,Erithacus rubecula,L8002152,Clissold Park,2024-04-02 17:35,2,51.5617764,-0.0886763,TRUE,FALSE,FALSE,S166960527,NA,2024-04-02
eurrob1,European Robin,Erithacus rubecula,L28679904,Orange Tree Court,2024-02-10 16:04,1,51.4775185,-0.0839271,TRUE,FALSE,TRUE,S161107261,NA,2024-02-10
eurrob1,European Robin,Erithacus rubecula,L12105575,Enfield Town (LBC District),2024-04-13 22:26,NA,51.6511336,-0.0816295,TRUE,FALSE,FALSE,S168508762,NA,2024-04-13
eurrob1,European Robin,Erithacus rubecula,L9198322,Croham Hurst Woods,2024-03-06 23:02,10,51.3525675,-0.0804663,TRUE,FALSE,FALSE,S163926222,NA,2024-03-06
eurrob1,European Robin,Erithacus rubecula,L7578420,Burgess Park,2024-12-04 15:04,8,51.4841977,-0.0791407,TRUE,FALSE,FALSE,S204454179,NA,2024-12-04
eurrob1,European Robin,Erithacus rubecula,L7578420,Burgess Park,2024-12-16 14:45,3,51.4841977,-0.0791407,TRUE,FALSE,FALSE,S205615698,NA,2024-12-16
eurrob1,European Robin,Erithacus rubecula,L12107240,Trinity Square Gardens,2024-07-05 16:46,1,51.5097883,-0.0773739,TRUE,FALSE,FALSE,S185463100,NA,2024-07-05
eurrob1,European Robin,Erithacus rubecula,L7498098,Tower Bridge,2024-12-15 15:52,1,51.5054912,-0.0753473,TRUE,FALSE,FALSE,S205486123,NA,2024-12-15
eurrob1,European Robin,Erithacus rubecula,L30166040,Ballards plantation,2024-03-29 19:00,4,51.3581081,-0.0746115,TRUE,FALSE,TRUE,S166383385,NA,2024-03-29
eurrob1,European Robin,Erithacus rubecula,L12106444,Peckham Rye Park and Common,2024-07-07 18:37,2,51.4574077,-0.059532,TRUE,FALSE,FALSE,S185898251,NA,2024-07-07
eurrob1,European Robin,Erithacus rubecula,L12106444,Peckham Rye Park and Common,2024-09-29 17:36,7,51.4574077,-0.059532,TRUE,FALSE,FALSE,S196924233,NA,2024-09-29
eurrob1,European Robin,Erithacus rubecula,L38845640,Wapping Woods,2024-12-25 17:46,1,51.507791,-0.055876,TRUE,FALSE,TRUE,S206529808,NA,2024-12-25
eurrob1,European Robin,Erithacus rubecula,L2083779,Walthamstow Wetlands,2024-04-27 16:52,NA,51.5856349,-0.0539798,TRUE,FALSE,FALSE,S170602848,NA,2024-04-27
eurrob1,European Robin,Erithacus rubecula,L2083779,Walthamstow Wetlands,2024-12-07 14:05,NA,51.5856349,-0.0539798,TRUE,FALSE,FALSE,S204697181,NA,2024-12-07
eurrob1,European Robin,Erithacus rubecula,L2755785,Nunhead Cemetery LNR,2024-01-28 21:07,3,51.4627653,-0.0512409,TRUE,FALSE,FALSE,S160056106,NA,2024-01-28
eurrob1,European Robin,Erithacus rubecula,L29115135,"43 Sotherby Court, Sewardstone Road, London GB-England 51.53334, -0.05016",2024-02-04 16:35,1,51.533336,-0.050164,TRUE,FALSE,TRUE,S160738817,NA,2024-02-04
eurrob1,European Robin,Erithacus rubecula,L3278538,Victoria Park (South Hackney),2024-12-29 14:15,2,51.5357653,-0.0402546,TRUE,FALSE,FALSE,S208665499,NA,2024-12-29
eurrob1,European Robin,Erithacus rubecula,L34591315,River Pool Walkway,2024-09-04 19:45,2,51.4188524,-0.03969,TRUE,FALSE,TRUE,S193971377,NA,2024-09-04
eurrob1,European Robin,Erithacus rubecula,L7051080,Russia Dock Woodland,2024-12-10 16:09,3,51.5001342,-0.0394714,TRUE,FALSE,FALSE,S205010673,NA,2024-12-10
eurrob1,European Robin,Erithacus rubecula,L7051080,Russia Dock Woodland,2024-12-18 15:00,4,51.5001342,-0.0394714,TRUE,FALSE,FALSE,S210393122,NA,2024-12-18
eurrob1,European Robin,Erithacus rubecula,L38265147,"Russia Dock Woodland, London GB-England 51.50311, -0.03901",2024-11-26 16:00,1,51.503112,-0.039009,TRUE,FALSE,TRUE,S203677200,NA,2024-11-26
eurrob1,European Robin,Erithacus rubecula,L12584491,Limehouse Basin,2024-01-24 16:10,1,51.5111757,-0.0362843,TRUE,FALSE,FALSE,S159734471,NA,2024-01-24
eurrob1,European Robin,Erithacus rubecula,L29387969,"4 Stoneydown Avenue, England, GB (51.586, -0.035)",2024-02-19 22:01,1,51.5860923,-0.0353434,TRUE,FALSE,TRUE,S162281381,NA,2024-02-19
eurrob1,European Robin,Erithacus rubecula,L11222630,St Anne's Churchyard (Limehouse),2024-03-14 17:26,1,51.5120087,-0.0311753,TRUE,FALSE,FALSE,S164815880,NA,2024-03-14
eurrob1,European Robin,Erithacus rubecula,L11222630,St Anne's Churchyard (Limehouse),2024-04-15 22:26,2,51.5120087,-0.0311753,TRUE,FALSE,FALSE,S168810061,NA,2024-04-15
eurrob1,European Robin,Erithacus rubecula,L11222630,St Anne's Churchyard (Limehouse),2024-08-17 20:04,1,51.5120087,-0.0311753,TRUE,FALSE,FALSE,S191841656,NA,2024-08-17
eurrob1,European Robin,Erithacus rubecula,L11222630,St Anne's Churchyard (Limehouse),2024-10-27 21:52,1,51.5120087,-0.0311753,TRUE,FALSE,FALSE,S200533296,NA,2024-10-27
eurrob1,European Robin,Erithacus rubecula,L12106270,Harvington Woods and Park,2024-04-26 17:45,1,51.3965184,-0.0218539,TRUE,FALSE,FALSE,S170384358,NA,2024-04-26
eurrob1,European Robin,Erithacus rubecula,L13914517,Enfield Power Station and adjacent Enfield Canal,2024-02-22 15:00,1,51.6635087,-0.0204974,TRUE,FALSE,FALSE,S162547649,NA,2024-02-22
eurrob1,European Robin,Erithacus rubecula,L7148603,Jubilee Park (Canary Wharf),2024-01-18 20:59,2,51.5033183,-0.0182813,TRUE,FALSE,FALSE,S159412318,NA,2024-01-18
eurrob1,European Robin,Erithacus rubecula,L7264565,Beckenham Place Park,2024-06-30 20:07,3,51.4191054,-0.0150204,TRUE,FALSE,FALSE,S184627784,NA,2024-06-30
eurrob1,European Robin,Erithacus rubecula,L1066696,Greenwich Park,2024-03-17 22:24,1,51.4774807,-0.0006008,TRUE,FALSE,FALSE,S167616845,NA,2024-03-17
eurrob1,European Robin,Erithacus rubecula,L4112975,Bow Creek Ecology Park,2024-02-27 16:20,1,51.5121099,0.0033296,TRUE,FALSE,FALSE,S163109986,NA,2024-02-27
eurrob1,European Robin,Erithacus rubecula,L31059117,"55 Grove Hill, England, GB (51.595, 0.014)",2024-04-28 20:34,1,51.5945719,0.0144109,TRUE,FALSE,TRUE,S170809431,NA,2024-04-28
eurrob1,European Robin,Erithacus rubecula,L40777762,Lee and District Land Club,2024-05-10 19:00,NA,51.4351448,0.0178573,TRUE,FALSE,TRUE,S173285728,NA,2024-05-10
eurrob1,European Robin,Erithacus rubecula,L40777762,Lee and District Land Club,2024-06-06 19:00,NA,51.4351448,0.0178573,TRUE,FALSE,TRUE,S179849430,NA,2024-06-06
eurrob1,European Robin,Erithacus rubecula,L12106995,Bromley (LBC District),2024-04-16 19:03,NA,51.4048054,0.0199327,TRUE,FALSE,FALSE,S168924077,NA,2024-04-16
eurrob1,European Robin,Erithacus rubecula,L11018105,"43 Belgrave Road, England, GB (51.565, 0.022)",2024-02-24 20:00,2,51.5651131,0.0219001,TRUE,FALSE,TRUE,S162843458,NA,2024-02-24
eurrob1,European Robin,Erithacus rubecula,L11018105,"43 Belgrave Road, England, GB (51.565, 0.022)",2024-04-09 22:00,NA,51.5651131,0.0219001,TRUE,FALSE,TRUE,S167971039,NA,2024-04-09
eurrob1,European Robin,Erithacus rubecula,L11018105,"43 Belgrave Road, England, GB (51.565, 0.022)",2024-04-10 22:10,NA,51.5651131,0.0219001,TRUE,FALSE,TRUE,S168110723,NA,2024-04-10
eurrob1,European Robin,Erithacus rubecula,L11018105,"43 Belgrave Road, England, GB (51.565, 0.022)",2024-04-14 22:30,NA,51.5651131,0.0219001,TRUE,FALSE,TRUE,S168717400,NA,2024-04-14
eurrob1,European Robin,Erithacus rubecula,L11018105,"43 Belgrave Road, England, GB (51.565, 0.022)",2024-04-17 22:30,NA,51.5651131,0.0219001,TRUE,FALSE,TRUE,S169262798,NA,2024-04-17
eurrob1,European Robin,Erithacus rubecula,L11018105,"43 Belgrave Road, England, GB (51.565, 0.022)",2024-04-19 21:45,NA,51.5651131,0.0219001,TRUE,FALSE,TRUE,S169438018,NA,2024-04-19
eurrob1,European Robin,Erithacus rubecula,L11018105,"43 Belgrave Road, England, GB (51.565, 0.022)",2024-04-20 21:50,NA,51.5651131,0.0219001,TRUE,FALSE,TRUE,S169590764,NA,2024-04-20
eurrob1,European Robin,Erithacus rubecula,L11018105,"43 Belgrave Road, England, GB (51.565, 0.022)",2024-04-21 21:35,NA,51.5651131,0.0219001,TRUE,FALSE,TRUE,S169763041,NA,2024-04-21
eurrob1,European Robin,Erithacus rubecula,L11018105,"43 Belgrave Road, England, GB (51.565, 0.022)",2024-04-23 21:00,NA,51.5651131,0.0219001,TRUE,FALSE,TRUE,S170043389,NA,2024-04-23
eurrob1,European Robin,Erithacus rubecula,L11018105,"43 Belgrave Road, England, GB (51.565, 0.022)",2024-04-24 21:40,NA,51.5651131,0.0219001,TRUE,FALSE,TRUE,S170183661,NA,2024-04-24
eurrob1,European Robin,Erithacus rubecula,L11018105,"43 Belgrave Road, England, GB (51.565, 0.022)",2024-04-29 21:15,NA,51.5651131,0.0219001,TRUE,FALSE,TRUE,S171120779,NA,2024-04-29
eurrob1,European Robin,Erithacus rubecula,L11018105,"43 Belgrave Road, England, GB (51.565, 0.022)",2024-04-30 21:30,NA,51.5651131,0.0219001,TRUE,FALSE,TRUE,S171319847,NA,2024-04-30
eurrob1,European Robin,Erithacus rubecula,L11018105,"43 Belgrave Road, England, GB (51.565, 0.022)",2024-05-05 21:20,NA,51.5651131,0.0219001,TRUE,FALSE,TRUE,S172355107,NA,2024-05-05
eurrob1,European Robin,Erithacus rubecula,L11018105,"43 Belgrave Road, England, GB (51.565, 0.022)",2024-05-09 22:15,NA,51.5651131,0.0219001,TRUE,FALSE,TRUE,S173157313,NA,2024-05-09
eurrob1,European Robin,Erithacus rubecula,L11018105,"43 Belgrave Road, England, GB (51.565, 0.022)",2024-05-11 23:00,NA,51.5651131,0.0219001,TRUE,FALSE,TRUE,S173954024,NA,2024-05-11
eurrob1,European Robin,Erithacus rubecula,L11018105,"43 Belgrave Road, England, GB (51.565, 0.022)",2024-05-12 21:30,NA,51.5651131,0.0219001,TRUE,FALSE,TRUE,S174183358,NA,2024-05-12
eurrob1,European Robin,Erithacus rubecula,L11018105,"43 Belgrave Road, England, GB (51.565, 0.022)",2024-05-15 21:35,NA,51.5651131,0.0219001,TRUE,FALSE,TRUE,S174815933,NA,2024-05-15
eurrob1,European Robin,Erithacus rubecula,L11018105,"43 Belgrave Road, England, GB (51.565, 0.022)",2024-05-17 21:30,NA,51.5651131,0.0219001,TRUE,FALSE,TRUE,S175522628,NA,2024-05-17
eurrob1,European Robin,Erithacus rubecula,L11018105,"43 Belgrave Road, England, GB (51.565, 0.022)",2024-05-18 21:35,NA,51.5651131,0.0219001,TRUE,FALSE,TRUE,S175522789,NA,2024-05-18
eurrob1,European Robin,Erithacus rubecula,L11018105,"43 Belgrave Road, England, GB (51.565, 0.022)",2024-05-19 21:30,NA,51.5651131,0.0219001,TRUE,FALSE,TRUE,S175842460,NA,2024-05-19
eurrob1,European Robin,Erithacus rubecula,L11018105,"43 Belgrave Road, England, GB (51.565, 0.022)",2024-05-20 21:45,NA,51.5651131,0.0219001,TRUE,FALSE,TRUE,S176115995,NA,2024-05-20
eurrob1,European Robin,Erithacus rubecula,L11018105,"43 Belgrave Road, England, GB (51.565, 0.022)",2024-05-26 21:30,NA,51.5651131,0.0219001,TRUE,FALSE,TRUE,S177498862,NA,2024-05-26
eurrob1,European Robin,Erithacus rubecula,L11018105,"43 Belgrave Road, England, GB (51.565, 0.022)",2024-05-29 22:20,NA,51.5651131,0.0219001,TRUE,FALSE,TRUE,S178136795,NA,2024-05-29
eurrob1,European Robin,Erithacus rubecula,L11018105,"43 Belgrave Road, England, GB (51.565, 0.022)",2024-05-31 21:35,NA,51.5651131,0.0219001,TRUE,FALSE,TRUE,S178552407,NA,2024-05-31
eurrob1,European Robin,Erithacus rubecula,L11018105,"43 Belgrave Road, England, GB (51.565, 0.022)",2024-06-01 22:00,NA,51.5651131,0.0219001,TRUE,FALSE,TRUE,S178800666,NA,2024-06-01
eurrob1,European Robin,Erithacus rubecula,L11018105,"43 Belgrave Road, England, GB (51.565, 0.022)",2024-06-02 22:00,NA,51.5651131,0.0219001,TRUE,FALSE,TRUE,S179102533,NA,2024-06-02
eurrob1,European Robin,Erithacus rubecula,L11018105,"43 Belgrave Road, England, GB (51.565, 0.022)",2024-06-17 22:00,NA,51.5651131,0.0219001,TRUE,FALSE,TRUE,S182200108,NA,2024-06-17
eurrob1,European Robin,Erithacus rubecula,L11018105,"43 Belgrave Road, England, GB (51.565, 0.022)",2024-06-18 21:30,NA,51.5651131,0.0219001,TRUE,FALSE,TRUE,S182529504,NA,2024-06-18
eurrob1,European Robin,Erithacus rubecula,L11018105,"43 Belgrave Road, England, GB (51.565, 0.022)",2024-07-19 21:30,NA,51.5651131,0.0219001,TRUE,FALSE,TRUE,S187830289,NA,2024-07-19
eurrob1,European Robin,Erithacus rubecula,L11018105,"43 Belgrave Road, England, GB (51.565, 0.022)",2024-07-20 21:45,NA,51.5651131,0.0219001,TRUE,FALSE,TRUE,S188025390,NA,2024-07-20
eurrob1,European Robin,Erithacus rubecula,L11018105,"43 Belgrave Road, England, GB (51.565, 0.022)",2024-07-21 21:35,NA,51.5651131,0.0219001,TRUE,FALSE,TRUE,S188341034,NA,2024-07-21
eurrob1,European Robin,Erithacus rubecula,L11018105,"43 Belgrave Road, England, GB (51.565, 0.022)",2024-07-22 21:30,NA,51.5651131,0.0219001,TRUE,FALSE,TRUE,S188340996,NA,2024-07-22
eurrob1,European Robin,Erithacus rubecula,L11018105,"43 Belgrave Road, England, GB (51.565, 0.022)",2024-07-23 21:40,NA,51.5651131,0.0219001,TRUE,FALSE,TRUE,S188542410,NA,2024-07-23
eurrob1,European Robin,Erithacus rubecula,L11018105,"43 Belgrave Road, England, GB (51.565, 0.022)",2024-07-24 22:45,NA,51.5651131,0.0219001,TRUE,FALSE,TRUE,S188955014,NA,2024-07-24
eurrob1,European Robin,Erithacus rubecula,L11018105,"43 Belgrave Road, England, GB (51.565, 0.022)",2024-07-25 21:00,NA,51.5651131,0.0219001,TRUE,FALSE,TRUE,S188954917,NA,2024-07-25
eurrob1,European Robin,Erithacus rubecula,L11018105,"43 Belgrave Road, England, GB (51.565, 0.022)",2024-07-28 21:35,NA,51.5651131,0.0219001,TRUE,FALSE,TRUE,S189379681,NA,2024-07-28
eurrob1,European Robin,Erithacus rubecula,L11018105,"43 Belgrave Road, England, GB (51.565, 0.022)",2024-07-29 21:35,NA,51.5651131,0.0219001,TRUE,FALSE,TRUE,S189637122,NA,2024-07-29
eurrob1,European Robin,Erithacus rubecula,L11018105,"43 Belgrave Road, England, GB (51.565, 0.022)",2024-07-30 21:25,NA,51.5651131,0.0219001,TRUE,FALSE,TRUE,S189636971,NA,2024-07-30
eurrob1,European Robin,Erithacus rubecula,L11018105,"43 Belgrave Road, England, GB (51.565, 0.022)",2024-07-31 21:45,NA,51.5651131,0.0219001,TRUE,FALSE,TRUE,S189772734,NA,2024-07-31
eurrob1,European Robin,Erithacus rubecula,L11018105,"43 Belgrave Road, England, GB (51.565, 0.022)",2024-08-02 21:35,NA,51.5651131,0.0219001,TRUE,FALSE,TRUE,S189994683,NA,2024-08-02
eurrob1,European Robin,Erithacus rubecula,L11018105,"43 Belgrave Road, England, GB (51.565, 0.022)",2024-08-03 21:35,NA,51.5651131,0.0219001,TRUE,FALSE,TRUE,S190138419,NA,2024-08-03
eurrob1,European Robin,Erithacus rubecula,L11018105,"43 Belgrave Road, England, GB (51.565, 0.022)",2024-08-04 21:35,NA,51.5651131,0.0219001,TRUE,FALSE,TRUE,S190298748,NA,2024-08-04
eurrob1,European Robin,Erithacus rubecula,L11018105,"43 Belgrave Road, England, GB (51.565, 0.022)",2024-08-05 21:40,NA,51.5651131,0.0219001,TRUE,FALSE,TRUE,S190518293,NA,2024-08-05
eurrob1,European Robin,Erithacus rubecula,L11018105,"43 Belgrave Road, England, GB (51.565, 0.022)",2024-08-06 21:33,NA,51.5651131,0.0219001,TRUE,FALSE,TRUE,S190518249,NA,2024-08-06
eurrob1,European Robin,Erithacus rubecula,L11018105,"43 Belgrave Road, England, GB (51.565, 0.022)",2024-08-07 22:10,NA,51.5651131,0.0219001,TRUE,FALSE,TRUE,S190673062,NA,2024-08-07
eurrob1,European Robin,Erithacus rubecula,L11018105,"43 Belgrave Road, England, GB (51.565, 0.022)",2024-08-08 21:25,NA,51.5651131,0.0219001,TRUE,FALSE,TRUE,S190737870,NA,2024-08-08
eurrob1,European Robin,Erithacus rubecula,L11018105,"43 Belgrave Road, England, GB (51.565, 0.022)",2024-08-09 21:00,NA,51.5651131,0.0219001,TRUE,FALSE,TRUE,S191160934,NA,2024-08-09
eurrob1,European Robin,Erithacus rubecula,L11018105,"43 Belgrave Road, England, GB (51.565, 0.022)",2024-08-10 21:25,NA,51.5651131,0.0219001,TRUE,FALSE,TRUE,S190990275,NA,2024-08-10
eurrob1,European Robin,Erithacus rubecula,L11018105,"43 Belgrave Road, England, GB (51.565, 0.022)",2024-08-11 22:05,NA,51.5651131,0.0219001,TRUE,FALSE,TRUE,S191150877,NA,2024-08-11
eurrob1,European Robin,Erithacus rubecula,L11018105,"43 Belgrave Road, England, GB (51.565, 0.022)",2024-08-12 22:00,NA,51.5651131,0.0219001,TRUE,FALSE,TRUE,S191270447,NA,2024-08-12
eurrob1,European Robin,Erithacus rubecula,L11018105,"43 Belgrave Road, England, GB (51.565, 0.022)",2024-08-13 21:30,NA,51.5651131,0.0219001,TRUE,FALSE,TRUE,S191386679,NA,2024-08-13
eurrob1,European Robin,Erithacus rubecula,L11018105,"43 Belgrave Road, England, GB (51.565, 0.022)",2024-08-14 21:00,NA,51.5651131,0.0219001,TRUE,FALSE,TRUE,S191506741,NA,2024-08-14
eurrob1,European Robin,Erithacus rubecula,L11018105,"43 Belgrave Road, England, GB (51.565, 0.022)",2024-08-18 21:30,NA,51.5651131,0.0219001,TRUE,FALSE,TRUE,S192026354,NA,2024-08-18
eurrob1,European Robin,Erithacus rubecula,L11018105,"43 Belgrave Road, England, GB (51.565, 0.022)",2024-08-20 21:30,NA,51.5651131,0.0219001,TRUE,FALSE,TRUE,S192224862,NA,2024-08-20
eurrob1,European Robin,Erithacus rubecula,L11018105,"43 Belgrave Road, England, GB (51.565, 0.022)",2024-08-21 21:10,NA,51.5651131,0.0219001,TRUE,FALSE,TRUE,S192324222,NA,2024-08-21
eurrob1,European Robin,Erithacus rubecula,L11018105,"43 Belgrave Road, England, GB (51.565, 0.022)",2024-08-24 21:15,NA,51.5651131,0.0219001,TRUE,FALSE,TRUE,S192815202,NA,2024-08-24
eurrob1,European Robin,Erithacus rubecula,L11018105,"43 Belgrave Road, England, GB (51.565, 0.022)",2024-08-25 21:00,NA,51.5651131,0.0219001,TRUE,FALSE,TRUE,S192818578,NA,2024-08-25
eurrob1,European Robin,Erithacus rubecula,L11018105,"43 Belgrave Road, England, GB (51.565, 0.022)",2024-08-26 21:00,NA,51.5651131,0.0219001,TRUE,FALSE,TRUE,S192939259,NA,2024-08-26
eurrob1,European Robin,Erithacus rubecula,L11018105,"43 Belgrave Road, England, GB (51.565, 0.022)",2024-08-27 20:30,NA,51.5651131,0.0219001,TRUE,FALSE,TRUE,S193046589,NA,2024-08-27
eurrob1,European Robin,Erithacus rubecula,L11018105,"43 Belgrave Road, England, GB (51.565, 0.022)",2024-08-28 21:00,NA,51.5651131,0.0219001,TRUE,FALSE,TRUE,S193138069,NA,2024-08-28
eurrob1,European Robin,Erithacus rubecula,L11018105,"43 Belgrave Road, England, GB (51.565, 0.022)",2024-08-29 21:00,NA,51.5651131,0.0219001,TRUE,FALSE,TRUE,S193237566,NA,2024-08-29
eurrob1,European Robin,Erithacus rubecula,L11018105,"43 Belgrave Road, England, GB (51.565, 0.022)",2024-08-30 21:00,NA,51.5651131,0.0219001,TRUE,FALSE,TRUE,S193362459,NA,2024-08-30
eurrob1,European Robin,Erithacus rubecula,L11018105,"43 Belgrave Road, England, GB (51.565, 0.022)",2024-08-31 21:00,NA,51.5651131,0.0219001,TRUE,FALSE,TRUE,S193662324,NA,2024-08-31
eurrob1,European Robin,Erithacus rubecula,L11018105,"43 Belgrave Road, England, GB (51.565, 0.022)",2024-09-01 22:00,NA,51.5651131,0.0219001,TRUE,FALSE,TRUE,S193662364,NA,2024-09-01
eurrob1,European Robin,Erithacus rubecula,L11018105,"43 Belgrave Road, England, GB (51.565, 0.022)",2024-09-03 21:30,NA,51.5651131,0.0219001,TRUE,FALSE,TRUE,S193941290,NA,2024-09-03
eurrob1,European Robin,Erithacus rubecula,L11018105,"43 Belgrave Road, England, GB (51.565, 0.022)",2024-09-05 21:20,NA,51.5651131,0.0219001,TRUE,FALSE,TRUE,S194117906,NA,2024-09-05
eurrob1,European Robin,Erithacus rubecula,L11018105,"43 Belgrave Road, England, GB (51.565, 0.022)",2024-09-06 21:05,NA,51.5651131,0.0219001,TRUE,FALSE,TRUE,S194236945,NA,2024-09-06
eurrob1,European Robin,Erithacus rubecula,L11018105,"43 Belgrave Road, England, GB (51.565, 0.022)",2024-09-08 21:30,NA,51.5651131,0.0219001,TRUE,FALSE,TRUE,S194506069,NA,2024-09-08
eurrob1,European Robin,Erithacus rubecula,L11018105,"43 Belgrave Road, England, GB (51.565, 0.022)",2024-09-09 21:30,NA,51.5651131,0.0219001,TRUE,FALSE,TRUE,S194608715,NA,2024-09-09
eurrob1,European Robin,Erithacus rubecula,L11018105,"43 Belgrave Road, England, GB (51.565, 0.022)",2024-09-10 22:30,NA,51.5651131,0.0219001,TRUE,FALSE,TRUE,S194753352,NA,2024-09-10
eurrob1,European Robin,Erithacus rubecula,L11018105,"43 Belgrave Road, England, GB (51.565, 0.022)",2024-09-11 21:30,NA,51.5651131,0.0219001,TRUE,FALSE,TRUE,S194817573,NA,2024-09-11
eurrob1,European Robin,Erithacus rubecula,L11018105,"43 Belgrave Road, England, GB (51.565, 0.022)",2024-09-12 21:10,NA,51.5651131,0.0219001,TRUE,FALSE,TRUE,S194914989,NA,2024-09-12
eurrob1,European Robin,Erithacus rubecula,L11018105,"43 Belgrave Road, England, GB (51.565, 0.022)",2024-09-13 21:00,NA,51.5651131,0.0219001,TRUE,FALSE,TRUE,S195029419,NA,2024-09-13
eurrob1,European Robin,Erithacus rubecula,L11018105,"43 Belgrave Road, England, GB (51.565, 0.022)",2024-09-14 21:00,NA,51.5651131,0.0219001,TRUE,FALSE,TRUE,S195183854,NA,2024-09-14
eurrob1,European Robin,Erithacus rubecula,L11018105,"43 Belgrave Road, England, GB (51.565, 0.022)",2024-09-15 22:23,NA,51.5651131,0.0219001,TRUE,FALSE,TRUE,S195321822,NA,2024-09-15
eurrob1,European Robin,Erithacus rubecula,L11018105,"43 Belgrave Road, England, GB (51.565, 0.022)",2024-09-16 20:20,NA,51.5651131,0.0219001,TRUE,FALSE,TRUE,S195438946,NA,2024-09-16
eurrob1,European Robin,Erithacus rubecula,L11018105,"43 Belgrave Road, England, GB (51.565, 0.022)",2024-09-17 20:35,NA,51.5651131,0.0219001,TRUE,FALSE,TRUE,S195538917,NA,2024-09-17
eurrob1,European Robin,Erithacus rubecula,L11018105,"43 Belgrave Road, England, GB (51.565, 0.022)",2024-09-18 20:40,NA,51.5651131,0.0219001,TRUE,FALSE,TRUE,S195651000,NA,2024-09-18
eurrob1,European Robin,Erithacus rubecula,L11018105,"43 Belgrave Road, England, GB (51.565, 0.022)",2024-09-19 21:30,NA,51.5651131,0.0219001,TRUE,FALSE,TRUE,S195755867,NA,2024-09-19
eurrob1,European Robin,Erithacus rubecula,L11018105,"43 Belgrave Road, England, GB (51.565, 0.022)",2024-09-20 20:35,NA,51.5651131,0.0219001,TRUE,FALSE,TRUE,S195880517,NA,2024-09-20
eurrob1,European Robin,Erithacus rubecula,L11018105,"43 Belgrave Road, England, GB (51.565, 0.022)",2024-09-24 21:30,NA,51.5651131,0.0219001,TRUE,FALSE,TRUE,S196410509,NA,2024-09-24
eurrob1,European Robin,Erithacus rubecula,L11018105,"43 Belgrave Road, England, GB (51.565, 0.022)",2024-09-28 20:30,NA,51.5651131,0.0219001,TRUE,FALSE,TRUE,S196870583,NA,2024-09-28
eurrob1,European Robin,Erithacus rubecula,L11018105,"43 Belgrave Road, England, GB (51.565, 0.022)",2024-09-30 22:00,NA,51.5651131,0.0219001,TRUE,FALSE,TRUE,S197111316,NA,2024-09-30
eurrob1,European Robin,Erithacus rubecula,L11018105,"43 Belgrave Road, England, GB (51.565, 0.022)",2024-10-03 21:10,NA,51.5651131,0.0219001,TRUE,FALSE,TRUE,S197436031,NA,2024-10-03
eurrob1,European Robin,Erithacus rubecula,L11018105,"43 Belgrave Road, England, GB (51.565, 0.022)",2024-10-06 21:45,NA,51.5651131,0.0219001,TRUE,FALSE,TRUE,S197871805,NA,2024-10-06
eurrob1,European Robin,Erithacus rubecula,L11018105,"43 Belgrave Road, England, GB (51.565, 0.022)",2024-10-10 21:42,NA,51.5651131,0.0219001,TRUE,FALSE,TRUE,S198299897,NA,2024-10-10
eurrob1,European Robin,Erithacus rubecula,L11018105,"43 Belgrave Road, England, GB (51.565, 0.022)",2024-10-11 20:45,NA,51.5651131,0.0219001,TRUE,FALSE,TRUE,S198430356,NA,2024-10-11
eurrob1,European Robin,Erithacus rubecula,L11018105,"43 Belgrave Road, England, GB (51.565, 0.022)",2024-10-12 19:45,NA,51.5651131,0.0219001,TRUE,FALSE,TRUE,S198672456,NA,2024-10-12
eurrob1,European Robin,Erithacus rubecula,L11018105,"43 Belgrave Road, England, GB (51.565, 0.022)",2024-10-14 19:10,NA,51.5651131,0.0219001,TRUE,FALSE,TRUE,S198965061,NA,2024-10-14
eurrob1,European Robin,Erithacus rubecula,L11018105,"43 Belgrave Road, England, GB (51.565, 0.022)",2024-10-15 21:00,NA,51.5651131,0.0219001,TRUE,FALSE,TRUE,S199124611,NA,2024-10-15
eurrob1,European Robin,Erithacus rubecula,L11018105,"43 Belgrave Road, England, GB (51.565, 0.022)",2024-10-17 19:00,NA,51.5651131,0.0219001,TRUE,FALSE,TRUE,S199303858,NA,2024-10-17
eurrob1,European Robin,Erithacus rubecula,L11018105,"43 Belgrave Road, England, GB (51.565, 0.022)",2024-10-19 21:00,NA,51.5651131,0.0219001,TRUE,FALSE,TRUE,S199569863,NA,2024-10-19
eurrob1,European Robin,Erithacus rubecula,L11018105,"43 Belgrave Road, England, GB (51.565, 0.022)",2024-10-20 20:00,NA,51.5651131,0.0219001,TRUE,FALSE,TRUE,S199721897,NA,2024-10-20
eurrob1,European Robin,Erithacus rubecula,L11018105,"43 Belgrave Road, England, GB (51.565, 0.022)",2024-10-21 21:15,NA,51.5651131,0.0219001,TRUE,FALSE,TRUE,S199847870,NA,2024-10-21
eurrob1,European Robin,Erithacus rubecula,L11018105,"43 Belgrave Road, England, GB (51.565, 0.022)",2024-10-23 20:50,NA,51.5651131,0.0219001,TRUE,FALSE,TRUE,S200060523,NA,2024-10-23
eurrob1,European Robin,Erithacus rubecula,L11018105,"43 Belgrave Road, England, GB (51.565, 0.022)",2024-10-24 20:50,NA,51.5651131,0.0219001,TRUE,FALSE,TRUE,S200161436,NA,2024-10-24
eurrob1,European Robin,Erithacus rubecula,L11018105,"43 Belgrave Road, England, GB (51.565, 0.022)",2024-10-29 20:38,NA,51.5651131,0.0219001,TRUE,FALSE,TRUE,S200793696,NA,2024-10-29
eurrob1,European Robin,Erithacus rubecula,L11018105,"43 Belgrave Road, England, GB (51.565, 0.022)",2024-10-30 20:00,NA,51.5651131,0.0219001,TRUE,FALSE,TRUE,S200876583,NA,2024-10-30
eurrob1,European Robin,Erithacus rubecula,L11018105,"43 Belgrave Road, England, GB (51.565, 0.022)",2024-10-31 18:40,NA,51.5651131,0.0219001,TRUE,FALSE,TRUE,S200966506,NA,2024-10-31
eurrob1,European Robin,Erithacus rubecula,L11018105,"43 Belgrave Road, England, GB (51.565, 0.022)",2024-11-02 16:30,NA,51.5651131,0.0219001,TRUE,FALSE,TRUE,S201262816,NA,2024-11-02
eurrob1,European Robin,Erithacus rubecula,L11018105,"43 Belgrave Road, England, GB (51.565, 0.022)",2024-11-03 21:10,NA,51.5651131,0.0219001,TRUE,FALSE,TRUE,S201379929,NA,2024-11-03
eurrob1,European Robin,Erithacus rubecula,L11018105,"43 Belgrave Road, England, GB (51.565, 0.022)",2024-11-04 19:15,NA,51.5651131,0.0219001,TRUE,FALSE,TRUE,S201458975,NA,2024-11-04
eurrob1,European Robin,Erithacus rubecula,L11018105,"43 Belgrave Road, England, GB (51.565, 0.022)",2024-11-06 17:30,NA,51.5651131,0.0219001,TRUE,FALSE,TRUE,S201641141,NA,2024-11-06
eurrob1,European Robin,Erithacus rubecula,L11018105,"43 Belgrave Road, England, GB (51.565, 0.022)",2024-11-08 21:30,NA,51.5651131,0.0219001,TRUE,FALSE,TRUE,S201850778,NA,2024-11-08
eurrob1,European Robin,Erithacus rubecula,L11018105,"43 Belgrave Road, England, GB (51.565, 0.022)",2024-11-09 21:25,NA,51.5651131,0.0219001,TRUE,FALSE,TRUE,S201985648,NA,2024-11-09
eurrob1,European Robin,Erithacus rubecula,L11018105,"43 Belgrave Road, England, GB (51.565, 0.022)",2024-11-10 18:20,NA,51.5651131,0.0219001,TRUE,FALSE,TRUE,S202173094,NA,2024-11-10
eurrob1,European Robin,Erithacus rubecula,L11018105,"43 Belgrave Road, England, GB (51.565, 0.022)",2024-11-11 19:35,NA,51.5651131,0.0219001,TRUE,FALSE,TRUE,S202238505,NA,2024-11-11
eurrob1,European Robin,Erithacus rubecula,L11018105,"43 Belgrave Road, England, GB (51.565, 0.022)",2024-11-12 19:40,NA,51.5651131,0.0219001,TRUE,FALSE,TRUE,S202450508,NA,2024-11-12
eurrob1,European Robin,Erithacus rubecula,L11018105,"43 Belgrave Road, England, GB (51.565, 0.022)",2024-11-13 20:00,NA,51.5651131,0.0219001,TRUE,FALSE,TRUE,S202437131,NA,2024-11-13
eurrob1,European Robin,Erithacus rubecula,L11018105,"43 Belgrave Road, England, GB (51.565, 0.022)",2024-11-19 21:30,NA,51.5651131,0.0219001,TRUE,FALSE,TRUE,S203085957,NA,2024-11-19
eurrob1,European Robin,Erithacus rubecula,L11018105,"43 Belgrave Road, England, GB (51.565, 0.022)",2024-11-20 19:30,NA,51.5651131,0.0219001,TRUE,FALSE,TRUE,S203154077,NA,2024-11-20
eurrob1,European Robin,Erithacus rubecula,L11018105,"43 Belgrave Road, England, GB (51.565, 0.022)",2024-11-25 21:30,NA,51.5651131,0.0219001,TRUE,FALSE,TRUE,S203651362,NA,2024-11-25
eurrob1,European Robin,Erithacus rubecula,L11018105,"43 Belgrave Road, England, GB (51.565, 0.022)",2024-11-28 21:40,NA,51.5651131,0.0219001,TRUE,FALSE,TRUE,S203936183,NA,2024-11-28
eurrob1,European Robin,Erithacus rubecula,L11018105,"43 Belgrave Road, England, GB (51.565, 0.022)",2024-11-30 20:30,NA,51.5651131,0.0219001,TRUE,FALSE,TRUE,S204152434,NA,2024-11-30
eurrob1,European Robin,Erithacus rubecula,L11018105,"43 Belgrave Road, England, GB (51.565, 0.022)",2024-12-01 20:30,NA,51.5651131,0.0219001,TRUE,FALSE,TRUE,S204269428,NA,2024-12-01
eurrob1,European Robin,Erithacus rubecula,L11018105,"43 Belgrave Road, England, GB (51.565, 0.022)",2024-12-02 19:30,NA,51.5651131,0.0219001,TRUE,FALSE,TRUE,S204355056,NA,2024-12-02
eurrob1,European Robin,Erithacus rubecula,L11018105,"43 Belgrave Road, England, GB (51.565, 0.022)",2024-12-03 21:35,NA,51.5651131,0.0219001,TRUE,FALSE,TRUE,S204431526,NA,2024-12-03
eurrob1,European Robin,Erithacus rubecula,L954224,Wanstead Park,2024-12-14 15:00,3,51.5666136,0.0309849,TRUE,FALSE,FALSE,S205355725,NA,2024-12-14
eurrob1,European Robin,Erithacus rubecula,L10570430,Wanstead Park--Old Sewage Works,2024-11-22 14:43,1,51.5637658,0.0511075,TRUE,FALSE,FALSE,S203259664,NA,2024-11-22
eurrob1,European Robin,Erithacus rubecula,L28609024,"Garden 51.59684, 0.07759",2024-12-11 15:02,2,51.596839,0.077585,TRUE,FALSE,TRUE,S205084073,NA,2024-12-11
eurrob1,European Robin,Erithacus rubecula,L31394776,Home,2024-05-25 21:25,2,51.454416,0.107898,TRUE,FALSE,TRUE,S177086200,NA,2024-05-25
eurrob1,European Robin,Erithacus rubecula,L3341477,Crossness Sewage Works and LNR,2024-07-14 19:26,1,51.5048319,0.1481009,TRUE,FALSE,FALSE,S187641320,NA,2024-07-14
eurrob1,European Robin,Erithacus rubecula,L3192980,Dagenham Chase LNR,2024-03-07 21:44,NA,51.5506841,0.1837513,TRUE,FALSE,FALSE,S164026038,NA,2024-03-07
eurrob1,European Robin,Erithacus rubecula,L3192980,Dagenham Chase LNR,2024-12-17 15:28,3,51.5506841,0.1837513,TRUE,FALSE,FALSE,S205737585,NA,2024-12-17
eurrob1,European Robin,Erithacus rubecula,L5429810,Bedfords Park EWT NR,2024-12-24 15:10,1,51.6075442,0.1926255,TRUE,FALSE,FALSE,S206410089,NA,2024-12-24
eurrob1,European Robin,Erithacus rubecula,L1000253,"Rainham Marshes RSPB Reserve, SSSI and LNR (includes Stone Barges and riverside walk)",2024-01-09 19:13,NA,51.4966805,0.2115243,TRUE,FALSE,FALSE,S158524617,NA,2024-01-09
eurrob1,European Robin,Erithacus rubecula,L1000253,"Rainham Marshes RSPB Reserve, SSSI and LNR (includes Stone Barges and riverside walk)",2024-02-17 19:19,NA,51.4966805,0.2115243,TRUE,FALSE,FALSE,S161874526,NA,2024-02-17
eurrob1,European Robin,Erithacus rubecula,L1000253,"Rainham Marshes RSPB Reserve, SSSI and LNR (includes Stone Barges and riverside walk)",2024-03-24 18:33,1,51.4966805,0.2115243,TRUE,FALSE,FALSE,S165845962,NA,2024-03-24
eurrob1,European Robin,Erithacus rubecula,L1000253,"Rainham Marshes RSPB Reserve, SSSI and LNR (includes Stone Barges and riverside walk)",2024-06-28 21:02,NA,51.4966805,0.2115243,TRUE,FALSE,FALSE,S184229169,NA,2024-06-28
eurrob1,European Robin,Erithacus rubecula,L11829476,Belhus Woods Country Park,2024-06-20 21:17,1,51.5190961,0.2578256,TRUE,FALSE,FALSE,S182739522,NA,2024-06-20